wavelength_nm,S11a,S12a,S21a,S22a,S11m,S12m,S21m,S22m
2000.0,3.0850881421947376,-1.5065596862151802,-1.5027689254974417,-3.1108739206448273,0.04249625332126527,0.8582354688024999,0.8655057215354841,0.03291184971292694
1996.0,3.063454026172748,-1.113417441456746,-1.1096864876951082,-3.1401986135586784,0.04294884306895773,0.8610079218220108,0.8682599505021845,0.033261130717998584
1992.0159680638724,3.051598018591006,-0.7197955891002707,-0.7161267363044267,-3.159728468670768,0.04344737607821812,0.8636520515609499,0.8708804724537625,0.03371450170629007
1988.0478087649403,3.043152760758428,-0.32567190835873033,-0.3220663557690887,-3.1762190027161483,0.04398580413158486,0.8661378854920075,0.8733373546405481,0.03430141573939661
1984.0954274353878,3.0367710680332896,0.06897768127199215,0.07252040740138606,-3.18963089231001,0.04480750404702618,0.8684426016476525,0.8756080845358257,0.03526934278463574
1980.1587301587308,3.0385608046282027,0.46417669950831125,0.4676590705282034,-3.1909749540834516,0.04612387243352865,0.8705559711746363,0.8776827085186956,0.03679871432662804
1976.2376237623757,3.058078402333446,0.8599491455900042,0.8633754211006708,-3.168579521622671,0.04783462187779283,0.8724836488420153,0.8795669825184553,0.03874465644785448
1972.3320158102767,3.1012429638999484,1.2563217305809138,1.2596972054844284,-3.1167068857753994,0.04946309361413088,0.8742463655017754,0.881281732142313,0.040612071469543404
1968.4418145956606,3.1664816643927263,1.6533242752886526,1.6566543136478675,-3.0385341583188916,0.0503409544454143,0.8758752224485586,0.8828585460962315,0.04175540316269362
1964.5669291338584,3.2454566715910103,2.0509864245389013,2.0542757732157626,-2.943939468646821,0.04988621277364224,0.8774052663473685,0.8843337006435406,0.04162978667693688
1960.7072691552062,3.3251532040632115,2.4493311405455516,2.4525838525031958,-2.846897308395773,0.047829150187052034,0.8788701848867299,0.8857428515668435,0.03997528675330372
1956.862745098039,3.3891602207635834,2.8483674653703783,2.851587352214753,-2.7646278217971494,0.044342943791328554,0.8803000200234004,0.887118292484805,0.03691793899590186
1953.033268101761,3.419052823837089,3.2480856370824114,3.2512767848067092,-2.717424164051495,0.04008225406370739,0.8817219180386268,0.8884890105970126,0.03300424307912989
1949.21875,3.4000195787751353,3.6484565706594387,3.6516233744633744,-2.7248455536118508,0.036098543230100415,0.8831622636893456,0.8898822952312943,0.029157073955761285
1945.4191033138404,3.335231168887168,4.049435692043151,4.05258218105979,-2.7906324212940947,0.03350465966362381,0.8846479859058362,0.8913250198521749,0.02644415828830175
1941.6342412451365,3.2566651728985447,4.450969308270666,4.454098045739611,-2.883061329431996,0.03283017922086243,0.8862055602160552,0.8928431366837326,0.02551116085002865
1937.8640776699028,3.2034383328804643,4.853001016206396,4.856112220685176,-2.9523238640842084,0.03360465104319167,0.8878577106762864,0.8944590467790176,0.02605468201874677
1934.108527131783,3.1892116862515496,5.255476271684131,5.258567741314113,-2.9764455162450543,0.03479959119495123,0.8896191367687716,0.8961876950895497,0.02713258907660954
1930.3675048355904,3.202875698696068,5.658344609253238,5.661412560803051,-2.9664733682710143,0.03558013354628326,0.8914930764104729,0.8980329193191856,0.02793174670605178
1926.6409266409264,3.22586813858094,6.061560268271748,6.064600631427132,-2.9438030128718267,0.03564282378635121,0.8934700417827355,0.8999855106350242,0.028134258200862055
1922.9287090558767,3.2434426414347253,6.4650825133405245,6.468091938253369,-2.9253820709820544,0.03516475529823114,0.895529033396196,0.9020237523724531,0.027871183455713357
1919.2307692307693,3.2499641693627392,6.868876623848846,6.871852668546827,-2.9175992350063944,0.034563830168786634,0.8976405594983169,0.9041162586361678,0.02749679273087504
1915.5470249520156,3.2499891073860785,7.2729157234789685,7.275856254818471,-2.9153990075451173,0.034187237258655453,0.8997703174100192,0.9062261557757504,0.027302665331439185
1911.8773946360152,3.253174457726482,7.677182857400549,7.680085241132469,-2.908421042680972,0.034081915360399256,0.9018825344934179,0.9083153401929345,0.027311698997670664
1908.221797323136,3.2654735064882967,8.081672397812405,8.084533197116787,-2.890974070001241,0.034008910588782894,0.9039425024312637,0.9103477960265678,0.02729853672449339
1904.580152671756,3.2843465898197994,8.48639006102187,8.489205606579425,-2.867002716963901,0.03367510226913423,0.9059184131550239,0.9122916118420904,0.02700442391974711
1900.952380952381,3.300942671695976,8.891351368658222,8.894118950148474,-2.847339785383156,0.032980212672149616,0.9077829238090492,0.9141200533951775,0.026359767377829177
1897.3384030418254,3.306310304779835,9.296578969763015,9.299297949783675,-2.8426246872714684,0.03211555837625152,0.9095148294424764,0.9158124461977522,0.025571856878477087
1893.7381404174575,3.2985701274992776,9.702099580511616,9.704771754336637,-2.8546181571058944,0.031460759284696126,0.9111008872143687,0.9173554721180148,0.02502546919113058
1890.151515151515,3.286785909050684,10.107941257140181,10.110570256654528,-2.871111516929439,0.0313142242805382,0.9125374245385915,0.918744871862086,0.025015161026170022
1886.5784499054819,3.285692699684988,10.514131339109392,10.516721478046048,-2.873086088501648,0.031633409669332105,0.9138311158874377,0.919986852409405,0.025483162932329124
1883.0188679245282,3.3041147202451886,10.920694887146778,10.923250159596689,-2.8499604012017214,0.03202502931793124,0.9149983972043187,0.9210982049770873,0.02602121427469574
1879.472693032015,3.338686938046204,11.327653079912668,11.330176850786536,-2.806458759574694,0.03199931881193184,0.9160634139959747,0.9221045173004819,0.02613563073387814
1875.93984962406,3.3760738255928056,11.735021061647037,11.737516462887566,-2.758773481744534,0.0312704079319063,0.9170549890236113,0.9230367618188898,0.025535141545671398
1872.4202626641652,3.398500228820548,12.142805200003261,12.145275744345835,-2.7284325897273485,0.029943122005951957,0.9180035354454588,0.923927423953279,0.024302344987169152
1868.9138576779028,3.391446223517472,12.55100040260566,12.553450193590812,-2.734668926851259,0.028541876031884097,0.9189388413814775,0.9248076013958414,0.02293603585058489
1865.4205607476636,3.3560576729086744,12.959588640717126,12.962021871969307,-2.779170234127906,0.02781632651384818,0.9198891315349802,0.9257058966645553,0.022200462817762775
1861.9402985074628,3.3176654414128035,13.368539747629548,13.370959711471924,-2.831376374172797,0.02827138179319476,0.9208810013718955,0.9266487451393899,0.022665004696933146
1858.472998137803,3.310015516420056,13.777814790923337,13.780222981590054,-2.8472285491241447,0.02972713280844405,0.921939183641659,0.9276607995823145,0.02420189889277134
1855.0185873605951,3.3486123870348146,14.187371177662552,14.189767028198109,-2.8070251489166473,0.031416327424053654,0.9230850893782341,0.9287638412163558,0.026066000023440825
1851.576994434137,3.42709296459671,14.597167762783375,14.599549142615354,-2.7190332929744425,0.03246435763876957,0.9243337900485955,0.9299736141265667,0.027406090043381737
1848.148148148148,3.5286407783648164,15.007168172117343,15.009532292405796,-2.6023780437534385,0.032249771558725035,0.9256902349496743,0.9312954906798591,0.027614390037846565
1844.731977818854,3.632964513840242,15.417341470303338,15.419685628726032,-2.4779465412068795,0.03054159114449085,0.9271463702939209,0.9327210377213544,0.026431550442171253
1841.328413284133,3.7164204479857177,15.827660757532406,15.829982535746824,-2.3685293367074034,0.027531466821839344,0.9286808479599772,0.9342275727909982,0.023955932118904386
1837.937384898711,3.7496578522650275,16.238101443848375,16.240398399944816,-2.302956356172942,0.023844372482308602,0.9302620392441694,0.9357815468167341,0.02064314239568086
1834.5588235294122,3.702535767226579,16.64864110103386,16.65091036300125,-2.317791982733679,0.020526935817530303,0.9318535551162469,0.9373447227834995,0.0173222605829813
1831.1926605504586,3.578071863539017,17.0592617696185,17.0614999843066,-2.433782840724657,0.018790276435996685,0.933420251818747,0.938880717367449,0.015123913382926409
1827.8388278388277,3.450678661202712,17.469953955231894,17.472157764984185,-2.591253582283082,0.01913533540629371,0.9349325026610511,0.9403593841550661,0.014872486088654265
1824.4972577696526,3.3965197637468094,17.880720257658293,17.882887081817653,-2.6815111244474243,0.020748988988615255,0.9363675117349554,0.941757820833095,0.01615305954640241
1821.167883211679,3.419686029306255,18.291576445134606,18.293705121632694,-2.675936950930184,0.02234594071334805,0.9377080863516962,0.9430587054819257,0.017753822662102577
1817.8506375227687,3.4878319246861453,18.702548941489347,18.70463988128456,-2.6080509237218252,0.023046366168143477,0.9389406136628642,0.9442480540236435,0.018722429944628173
1814.5454545454545,3.566652175211091,19.11366947944655,19.11572431502541,-2.517070093068977,0.022532329630898112,0.9400542205098523,0.9453145330102674,0.01863239897603476
1811.2522686025409,3.624653186379119,19.524969049913643,19.526990072442736,-2.437337309237628,0.020978278056101776,0.9410421175604191,0.9462511958677069,0.01750441116880779
1807.9710144927533,3.6327577223708882,19.93647345748707,19.9384632172319,-2.4022992659315463,0.018983249646581303,0.9419045584778828,0.9470587675322658,0.015742266013067885
1804.7016274864377,3.5769821268859197,20.348201716006066,20.35016297013514,-2.4394913801211167,0.0174344871985553,0.9426516478885778,0.9477484639520376,0.014077962929446079
1801.4440433212997,3.4869803565243047,20.760166869636986,20.76210275945433,-2.5386911233847513,0.01707346124909735,0.9433041242832119,0.948342458619368,0.013329845075082843
1798.1981981981983,3.426196688935496,21.1723775985442,21.17429175328216,-2.6299421910740195,0.01786888673736783,0.9438912598923305,0.9488713530475286,0.013789190176604479
1794.9640287769785,3.4274116096544867,21.58483885114235,21.586735176133377,-2.6530645524503345,0.019053277185441947,0.9444465112713337,0.9493695587309312,0.014905902792331149
1791.741472172352,3.477465305002317,21.997550713472044,21.999432867028357,-2.6103416010715903,0.019805385632994162,0.945002620916606,0.9498704228121108,0.01585681440244813
1788.5304659498208,3.5458647770949336,22.410506103163307,22.4123769058826,-2.534455947352177,0.01968704569456219,0.9455879277558761,0.9504027628830172,0.016101256838147355
1785.3309481216456,3.6006611753337876,22.823688791836208,22.825549867926167,-2.4615194075734927,0.018733395224478092,0.9462247593729964,0.950989455284608,0.01552201715137433
1782.142857142857,3.6145879364196496,23.237073200446044,23.238924991864028,-2.425116404078432,0.01741530370444447,0.9469295682951966,0.9516475566912971,0.01441413854230458
1778.9661319073084,3.5801120736895475,23.650626495080758,23.652468544422753,-2.4458840470202876,0.016467987673079672,0.9477136772902294,0.9523888226468219,0.013403605671879298
1775.800711743772,3.5301027657199033,24.064312352787447,24.066143604333185,-2.5034531364140302,0.01643745906367463,0.9485835181767518,0.9532196786900556,0.013140810220748778
1772.646536412078,3.517624339873754,24.478095058596367,24.479913978894853,-2.5351743486760308,0.017173532945047042,0.9495399511331442,0.9541404362762704,0.013744249893943017
1769.5035460992908,3.564621297815621,24.891942676429682,24.893747191761914,-2.4991214667935324,0.017946099930806796,0.9505771124266887,0.9551442834367432,0.014649657553461476
1766.371681415929,3.6562180712439125,25.30582873946488,25.307616167265554,-2.402140346666168,0.0180096147376417,0.9516817115133279,0.956216873254079,0.015107705102831919
1763.250883392226,3.761520156954261,25.719732727005738,25.72149990262442,-2.273717450515449,0.016959413668091398,0.9528335490237863,0.9573370858988312,0.01460989415493653
1760.1410934744267,3.839603683756246,26.133640052304287,26.135383708107874,-2.1513309639755525,0.014844494206430671,0.9540074260566063,0.9584789931645832,0.013019398874727703
1757.042253521127,3.8314605916593925,26.547542200177297,26.549259458637433,-2.0894858499877325,0.012240216927324497,0.9551759693557123,0.959614566493173,0.010614797810658128
1753.9543057996484,3.675049419405742,26.961437196923452,26.963125946626295,-2.1804760117172064,0.010340028525105854,0.9563125669979391,0.9607164750345567,0.008216385922503013
1750.8771929824563,3.439725775552576,27.375330116690627,27.376989120330876,-2.4734787485813143,0.010423668284675537,0.9573937092221237,0.9617604286132909,0.007287814677102073
1747.810858143608,3.319849587550723,27.789233110057005,27.790861881058674,-2.715017368365721,0.012194760325829532,0.958400415055903,0.9627267842576057,0.0085144534842859
1744.755244755245,3.3419420322279065,28.203164551995346,28.204763184077272,-2.7449256588452586,0.014200283619321914,0.9593188394175531,0.963601395145288,0.010552092003005149
1741.7102966841185,3.4372723754065238,28.617147224920615,28.6187163533296,-2.6537750888622957,0.015428729392641696,0.9601403985262716,0.9643758614643727,0.012116933174805536
1738.6759581881533,3.5488092089477874,29.031205790027833,29.03274671272886,-2.524420229425031,0.015534902506600834,0.9608617699138028,0.9650474402697036,0.01268627644888942
1735.6521739130437,3.6338497513441155,29.44536402193295,29.446878836143707,-2.409694966266023,0.014701174718203201,0.9614849792996978,0.9656188867224351,0.012267428521639734
1732.638888888889,3.6602199580348938,29.859642341951997,29.861133896055087,-2.351386974254487,0.013540890282320847,0.962017576430317,0.966098403617085,0.011292914026609716
1729.6360485268633,3.6281992866642314,30.27405609205741,30.27552766324456,-2.369220255466879,0.012871618028164257,0.9624727029041122,0.9664996563914786,0.010516218820483824
1726.6435986159172,3.596056065497968,30.68861476801063,30.69006957005815,-2.4170008830644276,0.013133349815019962,0.9628687278500018,0.9668415423236594,0.010592850624607488
1723.6614853195163,3.6292089331212356,31.103322121686304,31.104762875549483,-2.405348642110137,0.013925852638798066,0.9632281358362005,0.9671472584361743,0.011430785012792965
1720.6896551724137,3.7384860256012797,31.518176748135396,31.519605508960186,-2.300238164909281,0.014405437939920048,0.9635755440633375,0.9674423611313047,0.012287464622165838
1717.7280550774528,3.899469457547542,31.933172639759412,31.93459089326124,-2.121681592217414,0.013890076704900315,0.9639350762273803,0.9677519624653586,0.012428248104475114
1714.7766323024052,4.079330842622348,32.348299335747036,32.34970819002142,-1.8983729738425619,0.0120739422522562,0.9643276843548714,0.9680977436470697,0.011433295487289635
1711.8353344768439,4.230315632394734,32.76354169792629,32.764941945892055,-1.6550438583387392,0.00903788013723285,0.9647691687387013,0.968495735825371,0.009211890844127903
1708.9041095890411,4.209113523847058,33.17887979789831,33.18027175081956,-1.4246133904201295,0.005324694283682801,0.96526943963777,0.968955574535134,0.005950680660163201
1705.9829059829062,3.411854942988715,33.59428960292689,33.595672802552755,-1.3952936525638362,0.0032311666558802995,0.9658330312990258,0.9694812404834285,0.0020996019896414187
1703.0716723549485,2.811878762632607,34.009744897738074,34.0111179448208,-3.5006667698196803,0.006021796471522458,0.9664602876614694,0.9700725427761466,0.002354844832169074
1700.1703577512776,2.8521288467651584,34.42522024725336,34.4265809343232,-3.431299967854148,0.009692760348188216,0.9671483530196863,0.9707262686689871,0.006107666870078108
1697.278911564626,3.022921697420317,34.84069414364089,34.84203988186037,-3.1993140459087877,0.012598726132024113,0.9678913400616683,0.9714362728168442,0.009203147094153555
1694.3972835314094,3.2190279844817873,35.25615122438186,35.25747955339344,-2.956830168167029,0.014367103218867168,0.9686797083802524,0.9721926243824877,0.011316751799542812
1691.5254237288134,3.405829642270499,35.671582818883294,35.67289173518205,-2.731087376802255,0.015000380535191224,0.9694995655031745,0.9729807303688205,0.012385508452546955
1688.663282571912,3.565030141542641,36.08698590626217,36.088273881570174,-2.5371024884461093,0.014768003530296342,0.9703328409582102,0.9737815569834595,0.012578320268386659
1685.8108108108108,3.6889205904591518,36.502361353880694,36.50362714072661,-2.3835218103003823,0.01410889933666482,0.971158881163433,0.9745735009567001,0.012255378340307153
1682.9679595278246,3.7864062172373445,36.91771255349821,36.91895502307045,-2.265091950610305,0.013447675071552919,0.9719571891234673,0.9753354631761672,0.011842675437365252
1680.1346801346801,3.8845975407813835,37.333045111577526,37.33426332802818,-2.155586074581371,0.012954978302171995,0.972710310884768,0.9760499025846947,0.011611187340279463
1677.310924369748,4.013200821043409,37.74836738318039,37.74956091841327,-2.0192176269469293,0.012443202081317339,0.9734057368202054,0.9767046273336142,0.01150005324535949
1674.4966442953018,4.187008834215948,38.163690951402735,38.16486023451729,-1.8328732685573215,0.011527795177032202,0.9740362508082572,0.9772928423280096,0.011184841114957883
1671.6917922948073,4.4066015281324455,38.57903012406734,38.58017655902916,-1.5901538959479857,0.009882108990258487,0.9745990614966172,0.9778120091302568,0.010316594349614546
1668.8963210702343,4.670842571472174,38.9944001771838,38.995525900378716,-1.2874969053663665,0.0073855091450805285,0.9750946830618556,0.9782626799496518,0.008705153803778875
1666.1101836393987,5.004922249105663,39.409814967864584,39.41092235577345,-0.9003543907014706,0.004154932846875346,0.9755264689753873,0.9786482321543243,0.006394583369784956
1663.3333333333333,6.162180769004258,39.82528503717067,39.826376239519,-0.2978227044176223,0.0007676671509720432,0.9759009952880716,0.9789755341088607,0.0037595133951196956
1660.565723793677,8.358819104288154,40.240817058804176,40.24189380299334,1.054519926035897,0.003440729735449271,0.9762286512454963,0.9792556687791971,0.002401181585418344
1657.8073089701,8.744998027555246,40.656414627863654,40.65747833786991,2.1961647937465223,0.0067926689935346625,0.976523440638047,0.9795035940653359,0.004253271841231965
1655.0580431177445,9.060269754598703,41.07207952045186,41.073131566768744,2.7410149736485234,0.009398210318368868,0.9768014093883782,0.9797362320335942,0.0066284250662216404
1652.317880794702,9.350257586627556,41.487812303175275,41.48885411633376,3.1376497854002854,0.010970196182361964,0.9770780288126901,0.9799695396204121,0.00838342643192705
1649.5867768595042,9.615410297437858,41.90361172494889,41.90464462426995,3.4748942200146717,0.011403179015526385,0.9773656417524226,0.9802158744342138,0.009215398509688978
1646.8646864686468,9.844009250075612,42.319473305878546,42.32049812725216,3.7666570925748304,0.010792469167469208,0.9776721559607373,0.9804828791892003,0.00907981526857729
1644.151565074135,10.012623305579844,42.73538825735078,42.736405035262585,4.000873258410428,0.009449403022884313,0.9780014593988895,0.9807742044754381,0.00814143647587541
1641.4473684210525,10.086390574842834,43.151343799851034,43.15235174103657,4.14351551327588,0.007906255598332112,0.9783549993803009,0.9810912787543522,0.0067827641945245026
1638.7520525451562,10.050585497379064,43.56732510904002,43.56832289978425,4.151678547091397,0.0068343241866653925,0.9787333114409138,0.981434773111611,0.0056119779259844555
1636.0655737704917,9.98720713789766,43.98331807625443,43.98430433602261,4.06902411488952,0.0066122967243258295,0.9791364542273837,0.9818047753785114,0.005239917499205153
1633.3878887070375,10.017762137497066,44.399311534800766,44.40028513474822,4.069148675584344,0.006836970167880156,0.9795631841232136,0.9821997179111703,0.005595906624995945
1630.7189542483661,10.166340796581327,44.815297951536195,44.81625802669571,4.22947685988334,0.006751868906727464,0.9800096750163838,0.9826150693466452,0.0059647841771455785
1628.058727569331,10.408484112533621,45.23127257708854,45.23221829352954,4.529354592231416,0.005836951083612046,0.9804689747586425,0.9830430271534706,0.0057705304440393455
1625.4071661237788,10.753042211541779,45.64723200362328,45.64816232424629,4.98254476539016,0.003909238662200473,0.9809319211299105,0.9834737835964634,0.004837892736400466
1622.7642276422766,11.639715334296964,46.063173344650245,46.06408703462158,5.7387679043950595,0.001262582252766227,0.9813892463249441,0.9838978572521575,0.003571838406949821
1620.12987012987,13.928100822455468,46.47909466286945,46.47999059014376,6.922764298773714,0.0029975463741682565,0.9818337763165454,0.98430824604645,0.0036653518682728016
1617.5040518638575,14.427699978649828,46.894996263813475,46.89587381925338,7.8097134358487175,0.006954050821797787,0.982261553265393,0.9847012761549188,0.006031056239740066
1614.886731391586,14.79937894936708,47.310881767407764,47.31174112403382,8.37149608025625,0.010876339911055249,0.9826714233154581,0.985075897375235,0.009198148338460112
1612.277867528271,15.14602756559575,47.72675796428679,47.72759999468177,8.817498535932245,0.014256361802382269,0.983063629468579,0.9854321813554214,0.012238290346300428
1609.6774193548383,15.482592780832283,48.142633281058345,48.14345918374204,9.216005347822922,0.016690948439833556,0.9834385283241697,0.9857702074508744,0.014633663060768957
1607.085346215781,15.811315541621985,48.55851562716645,48.55932650780772,9.588682170595552,0.017903255727659783,0.9837963173409048,0.9860900910286815,0.016047018538805063
1604.5016077170417,16.13014370839907,48.97441079793912,48.975207468477215,9.941922820703759,0.017781040148271667,0.9841378074054377,0.9863929580649066,0.016304381354926366
1601.9261637239165,16.433652031648457,49.39032218491308,49.391105273077606,10.274842858765913,0.016397290388105366,0.984465435168917,0.9866819012791581,0.0154068566871731
1599.3589743589744,16.711413045202903,49.80625161099147,49.80702184167975,10.580399221797181,0.014008436372936953,0.9847834947407714,0.9869619267378416,0.013532660243292026
1596.8000000000002,16.94345909381184,50.22220034347943,50.222958731799544,10.842871378056099,0.011032884249967352,0.9850971337708714,0.9872386311216493,0.011022950407495385
1594.2492012779555,17.09129060060445,50.63816929441249,50.638917064839724,11.032196678537087,0.008019411727456918,0.9854105901416699,0.9875163025394574,0.008355147575024027
1591.7065390749601,17.094428677401893,51.0541581212741,51.05489637930149,11.104047630067043,0.005601921130698831,0.9857257594665931,0.9877966152309483,0.006096615685333787
1589.1719745222929,16.949123451780732,51.47016387510513,51.47089324779064,11.055571657394268,0.004272472360672042,0.9860420240089426,0.9880787374581047,0.00472010469282902
1586.6454689984103,16.827914688142226,51.886180320538095,51.886900810173046,11.021139581257728,0.003736262721252777,0.9863574408147745,0.9883607344316024,0.004102720664240072
1584.1269841269839,16.81659057072356,52.302198712130185,52.30290985486109,11.125498822594885,0.0030780449526837013,0.9866704665731315,0.98864128529805,0.003496616727061956
1581.6164817749602,16.708625879134193,52.71820987831404,52.7189110827951,11.379868521889131,0.0018423343431971844,0.9869810420882158,0.9889205523875088,0.0023223624969023657
1579.1139240506332,15.489078728881625,53.13420659088142,53.134897412896436,12.211688782671573,0.0013436927217176885,0.9872903243068695,0.9891996645650193,0.000528343512865155
1576.6192733017376,15.09594588838777,53.55018499978977,53.55086517404421,14.788781925831982,0.0035724021359745573,0.9875993105719013,0.9894792579048556,0.00206579507107234
1574.1324921135645,15.268485756681825,53.96614452946413,53.96681377685762,15.215508485041717,0.0062561903462916785,0.9879073712204836,0.9897581620119255,0.004690352623813061
1571.6535433070867,15.543413210470229,54.382086627835754,54.38274443442774,15.586235621328088,0.008639904819993379,0.9882117505546303,0.9900331835140153,0.007119251028867544
1569.1823899371068,15.851932492741552,54.79801343463065,54.79865902199168,15.948161949504806,0.01028578209733111,0.9885083906582118,0.9903001343633042,0.008949842942983852
1566.718995290424,16.171384706771438,55.21392732709996,55.214559885010296,16.30467540326624,0.01090297580187087,0.98879348811426,0.9905553662946391,0.009877602476340034
1564.2633228840125,16.487131251618745,55.62983150752707,55.630450551797956,16.65134814452317,0.010379806755259603,0.9890646876258758,0.9907967376488187,0.009746447179063472
1561.815336463224,16.780421417205073,56.04573090423975,56.046336513273275,16.976637813522913,0.008809217399554887,0.9893211105791196,0.991023387815803,0.008583295959773491
1559.3750000000002,17.010352539470514,56.46163232227356,56.46222508066942,17.251504618325253,0.00650319344872751,0.9895622991203752,0.9912345989477516,0.00661538516105126
1556.9422776911076,17.05120169204759,56.87754325771315,56.8781239406042,17.38609046500647,0.0040650277221490234,0.9897869922290687,0.9914287318341337,0.004310274356172523
1554.5171339563865,16.619895094080555,57.29346975440728,57.294038970439274,17.105377971114393,0.002789253341931544,0.989992832350365,0.9916032216339097,0.0026599879573526632
1552.099533437014,16.253119150574364,57.70941445320931,57.70997249012469,16.62795451522865,0.003569490849824559,0.990177480938092,0.9917558982186958,0.0030198769854601
1549.6894409937888,16.33541519932958,58.12537600611325,58.12592297084005,16.657731971276423,0.004529802883697729,0.9903406147500985,0.9918869469836573,0.004062567496115008
1547.2868217054265,16.580977463607123,58.54135025667287,58.541886383950605,16.929452112256023,0.004550017227195865,0.9904855740468677,0.9920002991549315,0.004379856808990078
1544.891640866873,16.869811723479977,58.95733252345581,58.95785840446983,17.32367150256623,0.0033509808204798134,0.99061952974255,0.9921034977489035,0.0035869166921512294
1542.5038639876352,16.994339413297766,59.37331966601385,59.373836211147974,17.99935938191646,0.0010122213678455353,0.9907518821246252,0.9922059597467517,0.0017669231361862351
1540.1234567901236,14.661619245505555,59.78931078918037,59.78981893848116,20.341799488177614,0.0023320092695938107,0.99089164932355,0.9923164763607584,0.0017588785056828122
1537.7503852080124,14.949283276824783,60.20530632169273,60.20580670305471,21.119426945114082,0.006070474551725048,0.9910451747759865,0.9924411809532206,0.005076412735824225
1535.3846153846152,15.305438712226664,60.621306205601826,60.62179897536426,21.585237719748942,0.0097919037217474,0.991215232720172,0.9925828589184073,0.008670727957047202
1533.0261136712747,15.675806176115886,61.03730841806748,61.03779337805028,22.001999068007304,0.012980948959810884,0.9914017347804511,0.9927416485818018,0.011907700592524093
1530.674846625767,16.05067907886722,61.45330874582691,61.45378562332686,22.40113892674311,0.015203404107154267,0.9916033209827436,0.9929164288169345,0.014323788246860382
1528.3307810107196,16.425592058119772,61.86930189133194,61.869770552670886,22.789416156911756,0.016164807806527366,0.9918187246793156,0.9931059500803063,0.01558545488729637
1525.9938837920488,16.796690524708684,62.285283177798874,62.28574360995107,23.167002198084834,0.0157528249676854,0.992047125732622,0.993309115276212,0.015530095820810818
1523.6641221374045,17.158684640144152,62.701249839537475,62.70170192861449,23.530008500144113,0.014052798994535669,0.9922874722899887,0.9935244577044052,0.014189545571473788
1521.3414634146343,17.501625876901073,63.11720125089003,63.117644560089396,23.868538643897597,0.011335738154614364,0.992537430255618,0.9937493620038435,0.01178847731259925
1519.0258751902588,17.801207303422892,63.533138157558746,63.533571923149154,24.158046186258833,0.008026912100876782,0.9927927967145541,0.9939796548671692,0.008724431856110016
1516.7173252279633,17.97646889062579,63.94906154468344,63.94948494855354,24.32696368510798,0.0046924468205010155,0.9930478423307785,0.9942098855384955,0.00556495702144304
1514.4157814871019,17.672362019833177,64.36497187625885,64.3653844353071,24.153678678051374,0.0023048769338948763,0.9932964335820444,0.994434182344905,0.0032231307095735495
1512.121212121212,16.960337117121593,64.78086908310938,64.7812708864442,23.64804979233926,0.002551024722058643,0.9935333430347566,0.9946472901894831,0.002996187743940932
1509.8335854765505,16.946839735994324,65.19675315822201,65.19714477299792,23.563394536018752,0.0035507658666558213,0.9937551273829985,0.9948453829464142,0.0038089909247501987
1507.5528700906345,17.157384983018975,65.61262488364531,65.61300698130206,23.738051796106642,0.003698844039356027,0.9939602822807503,0.9950264281727852,0.004016538936887407
1505.2790346907996,17.371439749666813,66.02848622633184,66.02885918550845,23.96744744650422,0.0028327664846833334,0.9941488030305733,0.9951900964378685,0.0032437655454030856
1503.0120481927709,17.211256461753685,66.44434021434849,66.4447039806325,24.03534643739867,0.0013002222869335474,0.9943215251222752,0.995337340748999,0.0016373702888526863
1500.751879699248,15.852638923571213,66.86019041236133,66.86054471387254,22.456897698694856,0.0017998709927341313,0.9944795947625006,0.9954698169300024,0.0012006850815337881
1498.4984984984985,15.88199920174129,67.27604027005651,67.27638502927294,22.321265707503574,0.004149443174179062,0.9946242244486024,0.9955893255493423,0.0035696046958597237
1496.2518740629685,16.167540215456647,67.69189258581953,67.69222822089496,22.593711436562163,0.006353707844562356,0.9947566943463917,0.9956974540797525,0.005907572400395183
1494.011976047904,16.504151315183655,68.10774920528706,68.10807658966162,22.923215532360192,0.007923818729727137,0.9948784736042577,0.9957955483611155,0.0076635315028386435
1491.7787742899852,16.85531837002064,68.52361097100801,68.52393106750732,23.266797564230224,0.008560034038762303,0.9949913456979045,0.9958850027962948,0.008510754262043155
1489.55223880597,17.205375814094506,68.93947789050198,68.93979131615892,23.607957878605365,0.008112761784446802,0.9950974552717415,0.9959676622121917,0.008270058812744977
1487.3323397913562,17.536139026886847,69.35534945649357,69.35565628930604,23.928467065273278,0.0065946594595442205,0.9951992089942563,0.9960460015689134,0.00692767720108967
1485.1190476190477,17.791213755858085,69.77122499759137,69.77152496183874,24.176393052426217,0.00419561258438044,0.9952989877375363,0.9961228276726998,0.004655670557409372
1482.9123328380388,17.482946637848986,70.18710388887897,70.18739677611414,24.001077610081374,0.001575597736854021,0.9953987110079158,0.9962005436166256,0.0020393920468992806
1480.7121661721071,16.20404567635425,70.60298548806091,70.60327149176352,22.745445830515465,0.0029225231033174737,0.9954994256719886,0.9962803660751534,0.002692923766174622
1478.5185185185185,16.329418869158783,71.01886882417259,71.01914852308258,22.75808631857393,0.006093268352086404,0.9956011725991375,0.9963620288611422,0.005826636544209258
1476.3313609467455,16.63584816154181,71.43475227998643,71.43502626264362,23.02794208183853,0.008923588333211344,0.9957033045357222,0.9964442810799056,0.008759620038175573
1474.1506646971936,16.981398093523236,71.85063361281658,71.85090200887026,23.34945085824064,0.011007194279407226,0.9958051734010909,0.9965259831076022,0.01098957805232413
1471.976401179941,17.33944713291716,72.26651051901952,72.26677278975004,23.685993622828835,0.012121758396116867,0.9959068162835581,0.9966071408189973,0.012263290612872615
1469.8085419734903,17.70046946268634,72.68238159498661,72.68263676559019,24.024754959985337,0.012181241323059144,0.9960091679861303,0.996689149467948,0.012473991534880132
1467.6470588235297,18.058614139571553,73.09824719721631,73.09849440242297,24.35774890389556,0.011232676023833479,0.9961135489263995,0.9967739606340797,0.011654383737171035
1465.4919236417036,18.40728901294321,73.51410962696507,73.51434861143377,24.67583260711667,0.00944398015198566,0.9962206344559229,0.9968625964151437,0.009965289924992479
1463.3431085043987,18.73395815069919,73.92997238240459,73.93020361678714,24.962136308169597,0.007080934948926372,0.9963295166266993,0.9969539425159009,0.007675384938976778
1461.2005856515375,19.002477850917494,74.34583877994582,74.34606311440903,25.173004164347148,0.004482213054528451,0.9964375159865538,0.9970446726596435,0.005144863668043152
1459.0643274853799,19.038257902067755,74.76171068726116,74.76192878454452,25.15641810159089,0.0020919272491140297,0.9965409962666224,0.9971304844565558,0.0028817357367038636
1456.9343065693429,18.023833935034144,75.17758810572747,75.17780004811901,24.567573036931638,0.0012418631798631302,0.996636801781229,0.9972079742302217,0.0019361252745026551
1454.8104956268226,17.681614878876708,75.5934698397161,75.5936751787412,24.183654267305883,0.0023293993564671646,0.9967234934553378,0.9972760206154984,0.0026363129733391875
1452.692867540029,17.85288055581464,76.00935479305667,76.0095529949888,24.23701015796829,0.003013606012926225,0.996801635133962,0.9973358265909185,0.003279732411920637
1450.581395348837,18.079437908040216,76.42524300734085,76.42543396624868,24.382028406128644,0.0029186645343113895,0.9968729709022687,0.9973896363577124,0.003262939768895293
1448.476052249637,18.19643788602356,76.84113571854296,76.84131996229125,24.438501582982788,0.0021194073052033056,0.9969390649048789,0.9974390270293,0.002615763243775747
1446.376811594203,17.67648766263286,77.25703438139499,77.25721281776043,24.09910287832691,0.0012799971076970496,0.9970003468269338,0.9974839650609397,0.0019322382458709646
1444.2836468885673,16.973519091572232,77.67293935177902,77.67311273282945,23.549547699763124,0.002358899707658204,0.9970562380849304,0.9975232914977963,0.0026621354857587496
1442.1965317919073,17.06243041820736,78.08884920755709,78.08901769381423,23.518746424156564,0.004410793207266126,0.9971062799286213,0.9975562968930037,0.004532290924427638
1440.1154401154402,17.34049830282882,78.50476129791626,78.50492443406584,23.723975561524814,0.006476091519288041,0.997151450545817,0.997584249843188,0.006572147789147427
1438.0403458213257,17.675431850672815,78.92067327858494,78.92083039950766,24.011345099344588,0.008201803734764958,0.9971946624184755,0.9976107159056025,0.00833502817106051
1435.9712230215825,18.0351886089286,79.33658467738664,79.33673545668248,24.335114188531826,0.009364201871353242,0.9972399389375871,0.9976402907050477,0.009558844321243529
1433.9080459770114,18.408758714251253,79.75249744614302,79.75264219813594,24.67856327739918,0.009838207209656615,0.9972906585495019,0.9976764500442308,0.010094144995968574
1431.8507890961264,18.791832514800856,80.16841507948345,80.16855460140516,25.034708419105705,0.009602402002005014,0.9973479223755027,0.9977198523032887,0.009900480504799915
1429.7994269340973,19.183324375270125,80.5843408137194,80.58447588102989,25.401167206306756,0.008737641223115064,0.9974100774164435,0.9977681708604578,0.009044076800099566
1427.7539341917022,19.58497078754376,81.00027602972652,81.00040690182819,25.77942487691674,0.007413668844101162,0.9974737080326977,0.9978175502756417,0.0076851299845213175
1425.7142857142858,20.00291005692175,81.41621985086988,81.41634613449078,26.177221066955962,0.005864697222479529,0.9975354685818083,0.9978647326388949,0.006054457568312435
1423.6804564907275,20.451694352998196,81.83217013299546,81.83229109592239,26.61616603853834,0.004358502430925071,0.9975936042929906,0.997908498858024,0.004425719064261777
1421.6524216524215,20.95729169836431,82.24812512577239,82.24824023739058,27.145588908792966,0.0031659011061792846,0.9976482530436196,0.9979495806360124,0.0030987440129550824
1419.630156472262,21.52802688476024,82.66408466801448,82.6641939894616,27.812161832939715,0.0025241232256081325,0.9977004672400492,0.9979892619836923,0.0023954119105277522
1417.6136363636365,22.07457466006286,83.08005014325038,83.08015430413532,28.472548486484193,0.002547312309071014,0.9977507585644935,0.9980277676059279,0.002496310422321792
1415.6028368794325,22.504610451231628,83.49602330498638,83.49612309894017,28.942483060366733,0.0031808946138636132,0.9977982569617506,0.9980636309576073,0.003232358608648728
1413.597733711048,22.861118314003996,83.91200486668941,83.9121007616584,29.286255626415546,0.004325482179435223,0.9978411008269467,0.9980945008427584,0.004418734786084369
1411.5983026874117,23.20633256355038,84.32799389806641,84.32808580429196,29.59937856218406,0.005848207739687539,0.9978777807526225,0.9981188103863573,0.005940873889775884
1409.6045197740111,23.563143219763866,84.74398848643024,84.74407592912873,29.921371910846954,0.007544333857474548,0.9979084735271174,0.998137121434991,0.007626740817239549
1407.6163610719325,23.934037674708126,85.15998722766079,85.16006977953083,30.260593426354323,0.009163068847887888,0.9979354004713118,0.9981521857803036,0.009241461604962593
1405.6338028169016,24.316413532430516,85.57599053301757,85.57606818486323,30.61551879622913,0.010454164484070962,0.997961915238549,0.9981676533602816,0.010537162318702433
1403.6568213783405,24.70740753979333,85.99200087110766,85.99207407917196,30.982848517992515,0.01121066828731797,0.9979908916592132,0.998186272124317,0.011302745263306236
1401.685393258427,25.104849767162044,86.40802179910524,86.40809119308575,31.359727877195557,0.011302244705567729,0.9980234375362854,0.9982087302615296,0.011401818682925707
1399.7194950911642,25.50727799244742,86.82405644751066,86.82412243010124,31.744184129858887,0.010695899560698845,0.9980587027184153,0.9982338003405699,0.010796021083224578
1397.7591036414567,25.913848698678148,87.24010644517357,87.24016898364677,32.135252149802476,0.00946179794059369,0.99809478273953,0.9982595313915218,0.009552165618756166
1395.8041958041958,26.324399133214314,87.65617190235655,87.65623066037394,32.53340765241818,0.0077636038341323,0.9981299948792586,0.998284554453557,0.00783306015094401
1393.854748603352,26.739924183477807,88.07225229757856,88.07230699901592,32.94213480287192,0.005834966168307149,0.9981636238158443,0.9983085843249283,0.005874036637032078
1391.910739191074,27.16426951975848,88.48834750038708,88.48839824722626,33.37324409190954,0.003945914206050492,0.998195698725491,0.9983318670099073,0.003949941595082681
1389.9721448467965,27.60964353774383,88.90445813485616,88.90450544062693,33.865121571514635,0.0023647432772200745,0.9982261114662839,0.9983541292360005,0.0023420780407926
1388.0389429763559,28.10719284628554,89.32058504041787,89.32062955536249,34.519087174498814,0.0013223097056097987,0.9982538663368424,0.9983739433759758,0.0013244463712686397
1386.111111111111,28.641558904132676,89.73672829440335,89.73677042658669,35.26374936863465,0.0009763531777301121,0.9982771276671217,0.9983890852291235,0.001097655169724627
1384.1886269070733,29.043964093183476,90.15288660279083,90.1529263126107,35.656002533988584,0.001365431206313897,0.9982941128763019,0.9983977016130404,0.0015377946399765174
1382.2714681440443,29.390825196222888,90.56905760167118,90.56909451485954,35.88836147562203,0.0024490816827701712,0.9983042316881942,0.9983994886033392,0.0025800160360490362
1380.3596127247579,29.762877620221047,90.9852389486295,90.98527269659851,36.16737952303169,0.004105589714382495,0.9983086711217456,0.9983960576689426,0.004187971636957485
1378.4530386740332,30.155161785795308,91.40142951296997,91.4014600457531,36.49990817610246,0.006128580878794293,0.9983100086977191,0.9983902401345395,0.006174902046606469
1376.5517241379312,30.558230757536293,91.81762990919081,91.8176575547905,36.86450583187081,0.00826487725759195,0.9983111123897529,0.99838481855808,0.008285070544771294
1374.65564738292,30.9670290308332,92.233842093318,92.23386733284096,37.24763421453648,0.01025068045147706,0.99831405794776,0.9983815357253498,0.010251049610559167
1372.764786795048,31.378936258556713,92.650068395973,92.65009153757133,37.642110766079774,0.011845551090878127,0.9983197270236789,0.9983809675268537,0.011830481323874213
1370.879120879121,31.79245671895005,93.06631071763242,93.06633172381628,38.044091148301504,0.012861426090359573,0.9983282113167721,0.9983831717505959,0.01283485456466719
1368.9986282578875,32.206608563359524,93.48257041392073,93.48258901442077,38.45147060805019,0.013183171973606895,0.9983395508390887,0.9983884539107384,0.013149454951535373
1367.123287671233,32.62062583406095,93.8988488171822,93.89886481751691,38.86313669054952,0.01277845297808884,0.9983541235879869,0.9983975477504101,0.012742614136009533
1365.2530779753763,33.03377783549887,94.31514782255158,94.31516136581503,39.27865921087527,0.011696398568994612,0.998372328161423,0.998411013965249,0.011663841780338908
1363.3879781420767,33.44519571872144,94.73146990604276,94.73148147867359,39.69826649878659,0.010056219574357582,0.9983938060740254,0.9984283244583178,0.010032082824938506
1361.5279672578447,33.85357503159188,95.14781738606216,95.14782755355513,40.12318637869443,0.008028246765638068,0.9984168727174312,0.9984474121592459,0.008016668664451799
1359.6730245231606,34.2563781316138,95.56419135567893,95.564200424372,40.556947711856886,0.0058106729718898995,0.9984387381665755,0.9984651828523964,0.005814351186135683
1357.8231292517005,34.64669380425879,95.98059103692998,95.98059890291371,41.01083517878395,0.0036056081956309365,0.9984565544341895,0.99847880596846,0.003626364173576135
1355.978260869565,34.990597159454154,96.39701408878985,96.3970204016514,41.542279345765515,0.001599099081678584,0.9984687179486963,0.9984870226899746,0.0016432927563907462
1354.1383989145181,33.506905548915626,96.8134577835207,96.81346231677188,43.49505776494792,0.00019577204303787972,0.9984756296210555,0.998490658062739,0.0003299830007535888
1352.3035230352305,32.8947015676452,97.22992038911143,97.22992334605543,45.08510692820591,0.0013213887938093602,0.9984794399221928,0.9984920409122526,0.0013165546984459382
1350.4736129905277,33.23460549249643,97.64640196709979,97.64640398568189,45.606130742748284,0.002055784109977118,0.9984829549686145,0.9984937494023667,0.0020377390992894757
1348.6486486486488,33.60014968331101,98.06290419936218,98.06290603263719,46.06278003121275,0.0023080499146489997,0.9984883939746168,0.9984975010413913,0.0022838855684569454
1346.8286099865047,33.95659234493464,98.47942949777968,98.47943158533117,46.50445054612711,0.002126762757983663,0.9984967151768224,0.9985038202585161,0.0020938118801841522
1345.0134770889488,34.273207458984366,98.895980071145,98.8959823057039,46.94457133958499,0.0016031562394362693,0.99850777000677,0.9985125025252181,0.0015501759074155808
1343.2032301480483,34.42738984661044,99.31255754163827,99.31255940488482,47.40472445978698,0.0008768456758230793,0.9985209522049432,0.9985233162904094,0.0007648398102358084
1341.3978494623655,33.46953348108646,99.72916320801028,99.72916418960061,44.28920645095274,0.00043031282107809004,0.9985357110712959,0.998536266606372,0.00014426528426637205
1339.5973154362418,32.951146592203536,100.14579852917363,100.14579853920279,45.005410764872096,0.0010582757434143383,0.9985514954276886,0.9985511585860237,0.0010147236962187258
1337.8016085790882,33.16873188780288,100.56246524077311,100.56246472638034,45.45005857594513,0.0017305782753797622,0.9985672163946167,0.9985668171733014,0.0017389466108742155
1336.0107095046853,33.48901961898202,100.97916482818906,100.97916451225545,45.8807907676597,0.002160041276146595,0.9985807581870794,0.9985806658805831,0.0021950443992887303
1334.2245989304813,33.831700099330405,101.39589761838886,101.39589804571463,46.30741301453994,0.0022432115915652,0.9985890928761769,0.9985891737005549,0.0022925213573032274
1332.4432576769025,34.1646249591881,101.81266211196468,101.81266332513552,46.73205770822172,0.0019246716790369436,0.9985891484150158,0.9985890845660649,0.001975745286190092
1330.6666666666667,34.415476811474896,102.22945508834917,102.22945666364677,47.15499163104591,0.001202701402747086,0.9985790405840637,0.9985787838126573,0.0012313242488831363
1328.8948069241014,33.56157994532933,102.64627254743468,102.64627396587156,47.545459620825454,0.00038505938586027433,0.9985590004645405,0.9985590382588083,9.276528665618496e-05
1327.127659574468,32.632219780085634,103.06311103988956,103.06311213165357,44.864787846643786,0.0014953633622568465,0.9985315020115461,0.9985327480037776,0.0013592867461638593
1325.3652058432936,32.88839036552492,103.47996874230338,103.47996989270855,45.28609146566746,0.003106988560260174,0.9985005791624473,0.9985039654366737,0.003001115500471704
1323.607427055703,33.239954267329274,103.89684586262506,103.89684783819514,45.70810891729414,0.004772773302121497,0.9984707632201091,0.9984768208825168,0.004676846392866123
1321.8543046357615,33.61731204741855,104.31374441349504,104.31374793478153,46.130206908855115,0.006307334935558984,0.9984461708570179,0.9984548892997036,0.006213859038724973
1320.1058201058202,34.005783889946294,104.73066771923627,104.73067308134999,46.55235136351213,0.007537897136454819,0.998430007886425,0.9984410626954052,0.007442781599863489
1318.3619550858652,34.40035173639771,105.1476200058996,105.14762700673414,46.97464370778548,0.008317413557423062,0.9984243752840084,0.9984375550486742,0.008219443243553918
1316.622691292876,34.79887330127167,105.56460613021548,105.56461434319294,47.397301044900814,0.008544709941680696,0.9984300868513512,0.9984456151198443,0.008445935523901554
1314.8880105401847,35.20044197989347,105.9816312191953,105.98164040414036,47.82073188124419,0.008181702254400767,0.9984463591891265,0.9984648915893577,0.008087520378638895
1313.1578947368419,35.60504011881817,106.39869998315955,106.39871033861387,48.24573840424355,0.007263727548128777,0.9984705569743725,0.9984928704110114,0.007182327212226507
1311.4323258869906,36.01397034641523,106.81581575558954,106.81582783873041,48.67405285172649,0.005900415966683565,0.9984983622141662,0.9985249708851353,0.00584157476199383
1309.711286089239,36.43197858907883,107.2329796619298,107.23299404511279,49.110007044288494,0.004266061643235908,0.9985245837268502,0.9985555610614952,0.004239402191492044
1307.994757536042,36.87703898157701,107.65019041200554,107.65020733142454,49.567322824612916,0.002580980090650564,0.998544412380276,0.9985795420454164,0.002593414301179632
1306.282722513089,37.45366487212535,108.06744492013662,108.06746417067578,50.1143819537514,0.0010964873422692279,0.9985545701960643,0.9985937098852404,0.001142678207835764
1304.5751633986931,39.31735015480896,108.48473946352611,108.48476061092815,51.719838156089644,0.0003811785893019708,0.9985537988921933,0.9985971911535717,0.0002662416767948233
1302.8720626631857,40.43827555805512,108.90207075697123,108.90209351008569,53.339371383767414,0.000800714043316254,0.9985425290713453,0.9985908382326126,0.0005452088133317859
1301.1734028683184,40.596206514912225,109.31943641823518,109.31946089497954,53.574834837053416,0.0008746360702112107,0.998522094486974,0.9985761498186387,0.0004441993884723648
1299.4791666666667,40.124432837339455,109.7368347740722,109.73686147887362,52.16528211243971,0.0009856716421912527,0.9984941149958774,0.9985545487497237,0.0005380671162415426
1297.7893368010402,39.87921379107848,110.15426446204881,110.15429400299008,52.156561954241766,0.001994834858923086,0.9984604563010372,0.998527491969547,0.0018016146442576503
1296.1038961038962,40.0538075743985,110.57172442303147,110.57175717856857,52.4890478972061,0.0036113122819872584,0.9984236331441846,0.9984971619787572,0.003493322377616088
1294.4228274967575,40.36044800469456,110.98921452090805,110.98925049017112,52.87298474089527,0.005435207815118516,0.9983870707460459,0.9984669446646831,0.005334491310206532
1292.746113989637,40.71467500259981,111.40673642227387,111.4067753492243,53.27260988727555,0.007165363315536482,0.9983546518862996,0.998440972875502,0.0070639538568888815
1291.0737386804656,41.09056135370728,111.82429398804601,111.82433564935668,53.67877735158381,0.008543229266346186,0.9983294912811641,0.9984226947918607,0.008440421614496084
1289.405684754522,41.47839819738592,112.2418926068061,112.24193704382317,54.088389879216926,0.009371343571987451,0.9983125387865618,0.9984132306983154,0.009276625635694728
1287.741935483871,41.87441843843044,112.65953756718353,112.65958509866778,54.500460914732955,0.00953968855896042,0.9983019139725966,0.9984106023650454,0.009468605730264331
1286.0824742268044,42.27799831604898,113.07723227061096,113.07728329553493,54.91518336653402,0.009042856820654217,0.9982935400155314,0.9984104704809693,0.009013137999535679
1284.4272844272846,42.69141616340094,113.49497730329347,113.49503205898723,55.33397401503329,0.007982616655780752,0.9982828535817101,0.9984080661279362,0.008009904724717824
1282.776349614396,43.121450747068195,113.91277091221077,113.91282937766697,55.760240237341414,0.006555149472369115,0.9982666537255209,0.9984002050629995,0.006647755358413684
1281.1296534017972,43.58336987603767,114.3306105521389,114.33067256667204,56.20101643885434,0.005026483781020441,0.9982440345004054,0.9983862054382892,0.005177282317042739
1279.4871794871794,44.10492815104222,114.74849448876473,114.74855998809646,56.668283325408936,0.0037030976080774866,0.9982159412468403,0.9983672664100139,0.003874348870232013
1277.8489116517287,44.702434733449145,115.16642244668425,115.16649163071793,57.16975904732744,0.0028901966949317986,0.9981838080764954,0.9983449059977193,0.0029975215445373505
1276.214833759591,45.288656366935186,115.58439499705948,115.58446830014785,57.671416315747194,0.002769446907949843,0.9981483334175536,0.9983196684038577,0.0027314414873290086
1274.5849297573434,45.73364054928325,116.0024122994268,116.00249018750408,58.10652724684221,0.003295757935693161,0.9981092979854219,0.9982910539842621,0.003137268880958474
1272.9591836734694,46.065415978473986,116.42047328790359,116.42055603760464,58.47959707656294,0.004385393869622385,0.9980665208156445,0.9982586775054315,0.004180998386835687
1271.3375796178343,46.37073304708317,116.8385760678361,116.83866369114739,58.837574004309126,0.005965284541580014,0.998021156943994,0.9982237019442145,0.005751992374091529
1269.7201017811706,46.69011889171469,117.25671937805598,117.25681173858571,59.2027224828716,0.007864272632196615,0.9979762156609596,0.9981893259561182,0.007646907109192849
1268.1067344345615,47.029764122070034,117.67490412302271,117.67500114034831,59.577941140176215,0.009815576666628517,0.9979356807237791,0.998159738000779,0.00959291795586363
1266.497461928934,47.385859428388144,118.09313381369887,118.0932355878949,59.961018183418986,0.011515844977912477,0.9979026110662655,0.9981380525775577,0.011293399975479951
1264.89226869455,47.753881019971146,118.51141342699589,118.51152018602954,60.34952311070058,0.012682517602732552,0.9978773902958095,0.9981245297957387,0.012475176184582541
1263.2911392405063,48.13056443771319,118.9297472556278,118.92985917705504,60.74170315960805,0.013100416915139941,0.9978573003828176,0.9981162768554636,0.012930315926237095
1261.694058154235,48.51399892867881,119.34813703707525,119.34825410339545,61.136453057732396,0.012655375841451084,0.997837785955055,0.9981086919194017,0.01254745390878205
1260.10101010101,48.90356838739371,119.76658151390092,119.76670353985517,61.53319981055689,0.011351971493064786,0.9978146914419541,0.9980977806812897,0.01132845925347608
1258.5119798234552,49.300377798122824,120.18507766974145,120.18520450255342,61.931924562766035,0.009313479119587811,0.9977861343999043,0.998081932904677,0.0093882027676592
1256.9269521410579,49.70939098510943,120.60362282448934,120.60375457091168,62.3335856482346,0.006764681731777242,0.9977529456236989,0.9980621547015562,0.006937711296619714
1255.3459119496854,50.15051962963054,121.02221627953821,121.02235337541931,62.74237714221695,0.004002262078324073,0.9977175650502074,0.9980408069167475,0.004253628013580961
1253.7688442211054,50.78343393524926,121.44085959518985,121.44100264171482,63.18773592367596,0.0013845462909797207,0.9976822612902477,0.9980198508318805,0.0016400100051203732
1252.1957340025094,53.491636137260784,121.85955555115646,121.85970501996977,60.16600648040506,0.001104675848819887,0.9976478755312638,0.9979997987823424,0.0006407320918270752
1250.62656641604,54.16660690572612,122.27830669008463,122.27846271079211,60.709993379655984,0.00268096096569675,0.9976137870923981,0.9979799205719759,0.0023107486894467294
1249.061326658323,54.61370801033042,122.69711449119166,122.6972768872796,61.126666906624905,0.0035346505420768464,0.9975788644523703,0.9979592852206153,0.0032609529341767196
1247.5,55.0276390405361,123.11597961204484,123.11614817142262,61.5329021595618,0.0035802888227650506,0.9975424944583009,0.9979376498582058,0.0034419313638895926
1245.9425717852685,55.43170505879409,123.53490276560494,123.53507755056079,61.93915925450764,0.0028890884513113344,0.997504842762113,0.9979154409441598,0.002915431503490914
1244.3890274314215,55.835421531795895,123.95388533121816,123.95406678951238,62.35621280401443,0.0016346203306795675,0.9974662008997476,0.9978928884752171,0.0018351170412468215
1242.8393524283936,56.57564339440829,124.3729290698277,124.3731178457178,62.91479645845391,6.559240126628722e-05,0.9974260537880787,0.9978691147330155,0.0004260908410650055
1241.2935323383085,53.45476544840625,124.79203509054899,124.79223165793961,59.882578477604234,0.0015520060418766199,0.9973827486354105,0.9978420582112272,0.001085800700798851
1239.751552795031,53.85658994241861,125.21120287853151,125.21140726313529,60.32717266647204,0.0029346168112333857,0.9973341752483551,0.9978094643048662,0.002417831130186573
1238.213399503722,54.254668558576334,125.63043021616302,125.63064202494122,60.739736878932604,0.0038622684983713397,0.9972790504279972,0.9977703037349238,0.003376271049408242
1236.6790582403964,54.65413676791426,126.0497141830104,126.04993294250473,61.14920452396665,0.004187783918840685,0.9972178794662864,0.9977255788220375,0.0038154806716835647
1235.1485148514853,55.058054988050756,126.46905260038902,126.46927817440914,61.56253858075427,0.003860446099735203,0.9971528648782307,0.9976778857957771,0.0036733950402701434
1233.6217552533994,55.4723684536978,126.88844493662137,126.88867772104076,61.987551099788135,0.0029306993336864528,0.9970868107407602,0.9976300288194998,0.0029754473515478212
1232.098765432099,55.923309709092415,127.3078920990264,127.30813284044338,62.44945529764849,0.0015409786188427489,0.9970218325600815,0.9975837150691765,0.0018280985090400315
1230.5795314426634,58.47093602195506,127.72739540802297,127.72764476443862,63.30285956529644,0.0001860409383607204,0.9969588228114344,0.9975393069928464,0.00043791605257147116
1229.0640394088666,59.71836679185899,128.14695570084186,128.14721386053057,66.10563454204197,0.0017836448282498578,0.9968980050639314,0.9974967674406447,0.0011908153675382572
1227.5522755227553,60.188559036365795,128.56657341072955,128.56684005886487,66.64971771010221,0.003226848181897972,0.9968399949856707,0.9974569302167837,0.0026134118979204077
1226.0442260442258,60.653382868406254,128.9862496464338,128.98652432545722,67.12927242019991,0.004270048203949205,0.9967862993132179,0.9974218602600003,0.0037795328394407603
1224.5398773006134,61.14308323337641,129.4059873696728,129.40626998771577,67.61473290051018,0.004814178932604017,0.996738558041442,0.9973936908496029,0.004578617603547602
1223.0392156862747,61.68028525222679,129.82579148480383,129.82608259973804,68.1252626019563,0.00488270533175972,0.9966968507036289,0.9973725426239276,0.004989225147104973
1221.5422276621787,62.292027083196615,130.2456673213522,130.24596796837588,68.67377570451939,0.004650631577306475,0.9966582929511412,0.9973550381313971,0.005083610329401045
1220.048899755501,62.992386451085956,130.6656181930968,130.66592934239407,69.26657507691804,0.004442405789471514,0.9966172052476181,0.9973347746183736,0.005014944629212085
1218.5592185592186,63.73284084077284,131.08564358240235,131.0859655874523,69.89277505038478,0.004584115636939282,0.9965671876436951,0.9973048939086894,0.004961869421259438
1217.073170731707,64.41537734545993,131.50573931891012,131.5060717448796,70.51849732611258,0.005101871809885207,0.9965040837882614,0.9972613889410225,0.005025682291552948
1215.5907429963459,64.99505663945483,131.92589990883735,131.92624188199648,71.10469895833396,0.005703342150134344,0.9964280307813776,0.997205091985268,0.0051568365088983424
1214.1119221411193,65.48317662808137,132.34612170827089,132.3464725679171,71.6299043540757,0.006060282303446626,0.9963432107765374,0.9971409853216876,0.005200580106173786
1212.6366950182257,65.8958541381067,132.76640495912596,132.766764775515,72.08825261456477,0.005971641652508312,0.9962553557901875,0.9970751798719548,0.005007507439626087
1211.1650485436892,66.23209983192606,133.18675336735936,133.1871229719665,72.47338649950075,0.005399143886280112,0.9961685616130206,0.9970114802617918,0.004513338923817978
1209.6969696969695,66.46362302787702,133.60717152104414,133.60755202817052,72.76256424658118,0.004484396514434406,0.9960834753322253,0.9969497770332292,0.003779356286323576
1208.232445520581,66.52988805002829,134.02766193226233,134.028054083827,72.90573804701165,0.0035892020770690878,0.9959980169609152,0.9968872882048236,0.003025826954765923
1206.7714631197098,66.43147550345122,134.4482237841229,134.44862757375682,72.88023066263474,0.003252457236697899,0.9959100450532073,0.996821699289783,0.00262823428427537
1205.3140096618358,66.39110557379377,134.86885430311943,134.86926913997252,72.8577472970281,0.0036153371975179032,0.9958199756868614,0.9967538791199386,0.002792109692537175
1203.8600723763568,66.54168256534885,135.28955180947784,135.2899771006038,73.01636602178019,0.004127348154624317,0.9957313244211851,0.9966880733480951,0.0031949426588879577
1202.409638554217,66.84150859939811,135.71031821640932,135.7107539480428,73.34859866310723,0.004266611585717342,0.9956485581662045,0.9966292107044133,0.003431050729202283
1200.962695547533,67.27382471441844,136.13115899416727,136.1316058903931,73.83766031649385,0.0038169108135387387,0.9955735846251877,0.9965790405192387,0.003347550665534161
1199.5192307692307,67.93323189214463,136.55208029201927,136.55253942896633,74.52275675178967,0.002917858453122896,0.9955033229102598,0.9965338014248042,0.0031203328938889633
1198.0792316926772,69.04585597660989,136.97308491553576,136.97355706015415,75.39139616290556,0.0025142679796027723,0.9954302631341716,0.9964852664672252,0.0033233045804445817
1196.6426858513191,70.08937643869228,137.39416980958552,137.39465495665522,76.20243281379642,0.00386933886282326,0.9953460247213236,0.9964248331193408,0.004412997675705188
1195.2095808383233,70.7228315159727,137.81532689363232,137.8158243439997,76.82954860447794,0.006151962895876605,0.9952459022196176,0.9963482655745307,0.006109282875491451
1193.7799043062203,71.19056163003691,138.23654700802396,138.2370559524322,77.33403551961337,0.008473907594018176,0.9951316115816161,0.9962581517719794,0.007919686362240334
1192.3536439665472,71.59015323600318,138.65782471890267,138.6583449305286,77.7708844930413,0.010370413797666359,0.9950104844678863,0.9961625145580381,0.009459794452888005
1190.9307875894988,71.95071025665645,139.0791611363665,139.0796932884147,78.16570719026824,0.01154816513671447,0.9948915563918055,0.9960704262093643,0.010456445219360727
1189.5113230035759,72.27949829510901,139.5005631318753,139.50110850948164,78.52808495934266,0.01185464065020214,0.9947809165548296,0.9959873261761297,0.010747256922189242
1188.095238095238,72.57344704440239,139.92203958590525,139.9225993794313,78.858389060648,0.011290090430168648,0.9946790759909458,0.99591282495155,0.010292718534421546
1186.682520808561,72.82074401117,140.34359708062638,140.3441717383321,79.14916766862517,0.010015608464888994,0.994581740111272,0.9958420807829655,0.009184610352125512
1185.273159144893,72.99918045423408,140.76523763183945,140.76582670995225,79.3831116792869,0.008348382333564353,0.9944831789750754,0.9957695254662656,0.007644624456617259
1183.8671411625146,73.07940902463164,141.1869595706764,141.18756217497432,79.53037531712235,0.006731728396122615,0.9943798243916971,0.9956923242142396,0.00601056451754885
1182.4644549763034,73.05753215252454,141.60876057601524,141.60937608105715,79.56163614844661,0.005605650795430293,0.9942717796434186,0.9956113548388801,0.0046828735232635425
1181.0650887573966,73.0070791026108,142.0306405371532,142.03126908232147,79.51124263941308,0.005066070928449402,0.9941614928290534,0.9955293301779384,0.003915721004507632
1179.6690307328604,73.01265532963589,142.45260222666806,142.45324465168792,79.49607036761985,0.004680414837711323,0.9940508082603858,0.9954476623473024,0.0034888988874121705
1178.2762691853602,73.05895601835986,142.87464940022133,142.87530667959808,79.56688110885464,0.003912509086065963,0.993938645329662,0.9953644448886653,0.0028644652214805423
1176.88679245283,72.98610444077667,143.29678375012884,143.2974563364458,79.63094965841809,0.002571376684057196,0.9938210208864573,0.9952750521905417,0.0016683213755157595
1175.5005889281508,72.11495706097003,143.719002907456,143.719690453427,77.98541829883487,0.0017180537477227307,0.9936934696732046,0.9951750056582834,0.0005943695880836353
1174.1176470588234,71.50805110504285,144.1413009603162,144.1420026201039,77.47373439301158,0.0037962223718015927,0.9935542903012196,0.995063225129433,0.002937224787244741
1172.737955346651,71.57800438811383,144.5636712972803,144.56438640053366,77.688525735817,0.006927850568606737,0.9934065185748852,0.9949435689062787,0.005841997500749327
1171.3615023474179,71.79053196720032,144.98611013172038,144.98683876492905,77.96913240218556,0.010111935985557284,0.9932573759808502,0.9948237173378365,0.008798471354210222
1169.9882766705744,72.04722512666795,145.4086187295289,145.4093618272093,78.270151262903,0.012871169524589809,0.9931155105394429,0.9947121108034439,0.011431992680055821
1168.6182669789227,72.31965122893097,145.8312032511637,145.83196214133272,78.5781802138536,0.014836432435901402,0.9929875805624269,0.994614696851359,0.013399136021795405
1167.251461988304,72.59431359374943,146.25387253195274,146.2546482534475,78.88580085802268,0.01575037284200883,0.9928759050956372,0.9945330872531759,0.014433195776744031
1165.8878504672898,72.86088507054085,146.67663512183827,146.677427976456,79.18631341650844,0.01549852285236111,0.9927780722650521,0.9944646593705302,0.014385483882829399
1164.527421236873,73.10697744701332,147.0994969633877,147.1003065894151,79.47073683126887,0.014132523732458683,0.9926882477224408,0.994404006471144,0.013254233281352258
1163.1701631701633,73.31208075917954,147.52246038410794,147.523286271029,79.72315896000349,0.011883981627172866,0.9925992222457197,0.9943446902326594,0.011200596109142038
1161.8160651920837,73.4354990643418,147.9455242534887,147.94636631979992,79.90911943295357,0.009185341826197886,0.9925042842647737,0.9942805982855242,0.008562812159646969
1160.46511627907,73.39830940293618,148.3686847679397,148.36954359801763,79.94421765988103,0.0067413079369578995,0.9923985205473692,0.9942068694331785,0.005917340833223695
1159.1173054587687,73.14971157403157,148.7919364665059,148.7928130553047,79.68411157478253,0.0055501238323027655,0.9922795976422789,0.9941206870378851,0.00427635317550491
1157.7726218097448,72.91194660118553,149.21527339151797,149.21616859058489,79.330677386862,0.0059441535661525265,0.9921481339483936,0.9940220203890267,0.004506383810665833
1156.4310544611817,72.85928370147339,149.63869037833948,149.6396044306961,79.25199781496397,0.006829207601844795,0.992007562690143,0.9939139405849962,0.005516537117816599
1155.0925925925926,72.90721694628738,150.06218421108355,150.0631166798805,79.3324728418988,0.007257823139522762,0.9918633036186353,0.9938020138643431,0.006072128331426758
1153.757225433526,72.95181587791755,150.48575413822596,150.48670424803714,79.43077721183532,0.006981990841605978,0.9917213515082669,0.9936927453665265,0.005800366265324283
1152.4249422632797,72.90113086113784,150.9094014007161,150.91036853199802,79.42408115026127,0.0063269992043018634,0.9915868734490874,0.9935917927940828,0.004897583052447871
1151.0957324106116,72.71270077675344,151.33312803766682,151.33411203704856,79.17082316331692,0.006176349601637335,0.9914636038034161,0.993503022334692,0.004265467379172551
1149.7695852534562,72.53613715459987,151.75693587144244,151.75793700249636,78.85125458039509,0.0073180589100506005,0.991354390401833,0.9934289901888502,0.005196189466859197
1148.446490218642,72.52162755183984,152.18082662985884,152.18184525810295,78.80048860897482,0.009380607084625067,0.9912623512112304,0.9933723270302216,0.007359699554123966
1147.126436781609,72.63677177689391,152.60480339029704,152.60583967274593,78.93585289703587,0.011469000578182127,0.9911914101937139,0.993336603932078,0.009626616903642363
1145.8094144661309,72.8186163511155,153.02887235726507,153.02992617175246,79.150828022894,0.012899113706457589,0.991145166422428,0.9933253881855111,0.011274115023578153
1144.4954128440368,73.02539752441699,153.45304330422954,153.4541144497696,79.39454151775698,0.01326444116311096,0.9911242027112217,0.9933394769784452,0.011890193589927557
1143.1844215349372,73.22447920119679,153.87732752464578,153.87841601481924,79.63536503030203,0.012423698662370029,0.9911233578793938,0.9933739193205237,0.011302789493780828
1141.8764302059496,73.37363773021195,154.30173373491408,154.3028399479036,79.83603723969624,0.010536033079136985,0.9911310881329135,0.9934171631869481,0.009596368228280335
1140.5714285714287,73.39264640303988,154.72626405594124,154.72738863068,79.91829523216745,0.008188751826135234,0.9911321590519637,0.9934537381435906,0.00720589380803537
1139.2694063926942,73.17242509516078,155.15091270360872,155.15205627408966,79.70941482468288,0.006704410394001669,0.9911128851972336,0.9934696901952228,0.00528547999933693
1137.9703534777652,72.88651740941134,155.575668731721,155.57683171105592,79.30337694457748,0.007518818062757022,0.9910662433093412,0.9934579337687894,0.005752925419628256
1136.6742596810934,72.84031060465527,156.0005217106796,156.00170428478475,79.21457183719339,0.009804681324327531,0.9909938268853459,0.9934202979966841,0.008087844115370673
1135.3811149032992,72.97149550836816,156.42546716614243,156.42666948231718,79.3596605688025,0.011952169508896415,0.9909032831966808,0.9933648377782396,0.01041510446822954
1134.090909090909,73.18162986730695,156.85050845107278,156.851730831858,79.59701761486721,0.013087665290228005,0.9908026732564411,0.9932999509071695,0.011823064817106219
1132.8036322360952,73.42057603570237,157.2756538103856,157.27689681000805,79.86946079371498,0.012844715687666984,0.9906952951396492,0.9932290293110393,0.011939070781437468
1131.5192743764173,73.65486956205828,157.7009105021573,157.70217475730314,80.14767867461859,0.01119665104723715,0.9905783865032054,0.9931491844679052,0.010697872224891445
1130.2378255945641,73.83724072960449,158.12627991430622,158.12756591060898,80.40069607863077,0.008421519659769026,0.9904466624055008,0.9930549677176808,0.008287988596687673
1128.9592760180997,73.82759191197992,158.55175714532086,158.55306508698007,80.54629943715456,0.005207926484254334,0.9902983508675633,0.9929445856190384,0.0051578123709289945
1127.683615819209,73.22775556606734,158.97733562252162,158.9786655013242,80.14151783060339,0.003540954712330463,0.9901394674561181,0.992824196916843,0.00245870813036878
1126.4108352144472,72.74829099568893,159.40301382520437,159.4043656128466,79.23018248064182,0.005394034380067928,0.9899829603749962,0.9927069040763943,0.0034845340397526474
1125.140924464487,72.78690406365382,159.82879944415663,159.8301732237069,79.22512338059089,0.007870331366096247,0.989842655946603,0.9926065045469683,0.005953834943055334
1123.8738738738737,72.96738889157217,160.25470766700408,160.2561035716843,79.43266501874055,0.00942704237482022,0.9897255323207231,0.9925297078021005,0.0076403117687780615
1122.6096737907762,73.17069465039229,160.680754001785,160.68217200596104,79.67601709979245,0.009677513378753435,0.9896273004203496,0.9924718666864089,0.008119008453456816
1121.3483146067417,73.33387206055927,161.10694575302705,161.10838551643144,79.8925882433186,0.008685557995427206,0.9895344688267782,0.9924192922858728,0.007373181471033834
1120.0897867564536,73.36987383436858,161.5332774572546,161.53473841897596,79.99906223361816,0.0069745717412537005,0.9894320488903057,0.9923571000330629,0.005739258848392472
1118.8340807174886,73.16115847491533,161.9597333488682,161.9612150844925,79.80749665010043,0.005794950794543255,0.989312378298235,0.9922779236113838,0.004201535707369633
1117.581187010078,72.88040573237855,162.38629559100164,162.38779821560257,79.37651358035954,0.0065936444245115145,0.9891796516459431,0.9921861403431321,0.004599206418797576
1116.331096196868,72.84912245568368,162.81295335041133,162.81447766006028,79.28953810494679,0.008706463345389623,0.9890473365576038,0.9920950189359119,0.006688327401586485
1115.0837988826813,73.00311981933105,163.23970723720578,163.24125442895857,79.4584062848965,0.010639479786252378,0.9889301121361713,0.9920186666361983,0.00878830763968641
1113.8392857142856,73.24423427239704,163.66656657545158,163.66813768632747,79.73133747017236,0.0115535559363423,0.98883539759955,0.9919638958358714,0.010068780392179491
1112.597547380156,73.52909012119949,164.09354151207975,164.0951369546908,80.05713527764843,0.011083738012358438,0.9887597100579946,0.991927045399481,0.010185361010596587
1111.358574610245,73.84170759038398,164.52063516235708,164.52225471590265,80.42508853931297,0.009186298640290165,0.9886919227545272,0.9918974939960116,0.009079491537337916
1110.1223581757508,74.18751259759104,164.9478407964506,164.9494841190677,80.85623550865577,0.006077948811280951,0.9886210783797664,0.9918652958780674,0.006940851780219197
1108.8888888888887,74.69735790846683,165.37514568560735,165.37681303618956,81.46470493465694,0.0022135199714026946,0.9885436074679219,0.9918278581450665,0.004265930958144933
1107.6581576026638,77.52096020369868,165.80253891212175,165.80423157971643,82.72437285390906,0.0022207919867061414,0.9884653787170431,0.9917914294428908,0.0026106698974482485
1106.430155210643,78.019309868643,166.23001802790014,166.23173812337077,83.94039834933773,0.00610648703181289,0.9883974939565738,0.9917667021247893,0.0042473161352346595
1105.204872646733,78.34275071887294,166.6575904196015,166.65934010158662,84.51101068477354,0.009299451815912359,0.988348759082066,0.9917616128520094,0.0066596276343349236
1103.9823008849557,78.62029055667699,167.0852688059825,167.08704940725718,84.89446590335857,0.011425164293764655,0.9883196758714298,0.9917759780265405,0.00847824547696558
1102.7624309392265,78.85666888057747,167.51306398820677,167.51487559586045,85.19293862820963,0.012375755181336115,0.9883014979685336,0.9918010682306603,0.009412719058692507
1101.5452538631348,79.04069842045712,167.94097939822996,167.94282114617178,85.42109742554571,0.012315902624846145,0.9882804510132265,0.991823856595967,0.009517773156775815
1100.3307607497243,79.15734765411287,168.36901040403754,168.3708812558015,85.57213204676562,0.011682634732163435,0.9882440301965794,0.9918328272208362,0.00910691409507872
1099.1189427312772,79.2052641814124,168.79714803187306,168.79904750333608,85.64593526797802,0.011083133913242327,0.9881854047380587,0.9918217135488546,0.008670084307034202
1097.9097909790978,79.22115737848856,169.2253840864158,169.2273124202669,85.68010938453378,0.010976624353887831,0.9881037355352247,0.9917894434109796,0.008624546602843694
1096.7032967032967,79.26417843268538,169.65371430716678,169.65567202282568,85.74062757844118,0.01129205614777614,0.9880011864730346,0.9917373305944106,0.008967636601241695
1095.4994511525797,79.36276286071886,170.08213815714072,170.08412536130726,85.8643272497927,0.011493821426075305,0.9878794264476236,0.9916661648016984,0.009276926977171389
1094.298245614035,79.50556152813377,170.5106564642665,170.51267247559284,86.04675497192709,0.011006126653760023,0.9877381914451173,0.9915753242159027,0.009056807911572259
1093.0996714129244,79.66054277110153,170.9392694766487,170.94131306382215,86.26888349606854,0.009490307839217123,0.9875764341529114,0.9914640257389908,0.007978953601791875
1091.9037199124725,79.76481779345296,171.36797710950594,171.37004715377273,86.51014279018618,0.006941207223245053,0.9873944355898685,0.9913330238171855,0.005938914997940681
1090.7103825136612,79.58377451622253,171.79678105514813,171.7988771006303,86.73093640214023,0.003939870548451865,0.9871946295609556,0.9911848518707568,0.0030414793567556135
1089.519650655022,78.60883131593835,172.2256867425414,172.22780897152649,84.56082415488365,0.003599170351037984,0.9869801632251006,0.9910221223963036,0.0005761448572913263
1088.3315158124317,78.30298262176021,172.65470319435204,172.6568518234808,84.33614977714457,0.0071161192789503044,0.98675226844573,0.9908452132252094,0.004223784230475787
1087.1459694989105,78.40346622852543,173.08384054320294,173.08601513469569,84.58602499185331,0.011015557039484104,0.9865086619207579,0.9906513468744957,0.007757233880491701
1085.9630032644177,78.59399536012685,173.51310693379799,173.5153062493371,84.8535285471804,0.01422722002768102,0.9862444939993492,0.9904360385132559,0.010702096477132276
1084.7826086956522,78.8057907992357,173.94250715583357,173.94472980092027,85.11678280616823,0.01630074577441825,0.985955362827637,0.9901959626087379,0.012737095740344966
1083.6047774158524,79.01165140361239,174.3720440792488,174.37428954129095,85.36501576430163,0.0170441340202386,0.9856401843654857,0.9899310332921483,0.013676052657423209
1082.4295010845988,79.19135606487751,174.8017217422993,174.80399100712754,85.58618602813932,0.016514081521407552,0.9853016620209343,0.9896439799408313,0.01350511493871431
1081.2567713976164,79.32187080499506,175.23154749875857,175.2338426105423,85.76244910864483,0.015032455147790637,0.9849438553312776,0.9893376317439637,0.01240914746360972
1080.0865800865802,79.3757926600526,175.66153114531147,175.66385380142415,85.86680749918887,0.013190812429470136,0.984568619396031,0.9890120293123461,0.010790377335159283
1078.9189189189187,79.33854398078986,176.09168113299665,176.0940311897743,85.8696928599482,0.011769579673504536,0.9841737389377185,0.9886638361435899,0.00926273059798999
1077.7537796976242,79.25032674958432,176.5220002381331,176.5243752446641,85.7813718638387,0.011364005243921746,0.983754547937175,0.988288958357903,0.008482005760853254
1076.5911542610572,79.19209619396122,176.95248372909688,176.95488003485767,85.69053804057815,0.011842072880187963,0.9833083884482477,0.9878869084050934,0.008632764556473346
1075.4310344827586,79.1958169182838,177.38312156851794,177.3855364753738,85.67007093519766,0.012503962974836028,0.9828391643267078,0.9874640464837185,0.0092013883681696
1074.2734122712595,79.23553452206254,177.81390356718637,177.81633714746818,85.70775178796549,0.012753176592099773,0.9823590141645512,0.987033493734639,0.009551352727845599
1073.1182795698926,79.2682252528404,178.24482451758368,178.24727975850396,85.75482640395313,0.012421850600966095,0.9818859361499096,0.9866117665246905,0.009381746743923622
1071.9656283566057,79.25442207708831,178.67588649176602,178.67836744336165,85.75897535668967,0.01180562528993392,0.9814387309555979,0.9862143270245373,0.008815320365738066
1070.815450643777,79.18236746382638,179.10709747787743,179.10960646444104,85.68537264217707,0.011545480689739774,0.9810320809093948,0.9858526582838611,0.008372000003357525
1069.6677384780276,79.09941379093495,179.53846781222686,179.54100356848613,85.56974332165039,0.012178807358963713,0.9806740269806795,0.9855339011280262,0.008687280584909762
1068.5224839400428,79.0735414432984,179.9700067845819,179.9725649605694,85.51013434643396,0.013571912664816142,0.9803661575946304,0.9852618799336413,0.009856976838687468
1067.3796791443854,79.12116969499753,180.40172085644693,180.40429685609593,85.54694071554073,0.015039708118445613,0.9801051025733905,0.9850373786343082,0.011303698170561061
1066.2393162393164,79.21673639056937,180.833613138235,180.83620563671442,85.6527632681835,0.015887884455832613,0.9798837388555336,0.9848566907725931,0.012334544940504554
1065.1013874066168,79.32379251969851,181.26568276605124,181.2682956018573,85.78583572033189,0.015711665659518023,0.9796918155161046,0.984709827797225,0.01248410025546375
1063.9658848614074,79.40035451229153,181.69792350123856,181.70056450425602,85.90205533547243,0.014510577388016846,0.9795171450991373,0.9845812132820974,0.011608577509659495
1062.83280085197,79.3934568730708,182.13032259438495,182.13299983637728,85.94116510220672,0.012808156252153808,0.9793485762867248,0.9844546066273848,0.009981152890644265
1061.7021276595744,79.26423626533789,182.56286198834357,182.5655797057789,85.8212445950293,0.011757371449330672,0.9791803359933323,0.9843207537733143,0.008508188752491715
1060.5738575982996,79.09124605366934,182.99552294997702,182.99827977795198,85.57038732642249,0.01256948842990743,0.9790153056231058,0.9841832233199331,0.008671658243046425
1059.4479830148618,79.02302853697097,183.4282925691944,183.43108337045356,85.4308229925936,0.01507492544529015,0.9788643529170359,0.9840577797267365,0.010852231645330869
1058.324496288441,79.07979202848738,183.8611682752515,183.8639885456569,85.47146251024706,0.018008849429374425,0.9787409419882923,0.98396431037227,0.013795188058264405
1057.2033898305085,79.21218504211342,184.29415681340043,184.29700688756557,85.6161961943423,0.02026804729063479,0.9786537606019432,0.9839156423680329,0.016322749511807875
1056.084656084656,79.37791164794393,184.7272674936859,184.73015376709452,85.80711643499053,0.02121383441421836,0.9786023702389595,0.9839106823664937,0.017756732971987356
1054.968287526427,79.5463842396105,185.16050395113027,185.16343616644025,86.01008406445148,0.020623958888297683,0.978579663248598,0.9839373503344871,0.017796091516806164
1053.854276663147,79.68903952766281,185.59386077265629,185.59684695868222,86.19845184042376,0.018660184014374054,0.9785803339975969,0.9839843121017383,0.01646277871983405
1052.7426160337552,79.77026113637375,186.02732888560226,186.03037113729536,86.34071298836257,0.015864785646121822,0.9786095177435439,0.9840536192357577,0.014093369056409046
1051.6332982086408,79.74683058537823,186.4609074495564,186.46400129321978,86.38990673184401,0.013159193369244043,0.9786841351331359,0.9841641803595077,0.011354199910811097
1050.5263157894738,79.61098680415718,186.8946141405719,186.89775195741714,86.29531877031471,0.01164850979996593,0.9788233653257843,0.9843410302638579,0.009240280946569309
1049.421661409043,79.46101068474552,187.3284847605433,187.33166110083684,86.10439570003166,0.011774577993081785,0.9790322646087183,0.9845951310645017,0.008650199854767242
1048.3193277310925,79.39528413320643,187.76255880676112,187.76577416252508,85.98153808107884,0.012733300319417813,0.9792888794986119,0.9849065226610507,0.009308944257624848
1047.2193074501574,79.40086038274877,188.19685712701846,188.20011770474653,85.96895461251881,0.013484042834733678,0.9795453502149502,0.9852239422405299,0.010095961166989478
1046.1215932914045,79.4220324475432,188.63136493871815,188.63467858816358,86.00131209703362,0.013589536129123666,0.9797461439113149,0.9854851120130051,0.010309468790170808
1045.026178010471,79.4106034620898,189.06603276737152,189.06940379384332,86.00757716316367,0.013276557761663754,0.9798554429101637,0.9856484641568086,0.00994166624381513
1043.9330543933052,79.35038476159002,189.5007983000368,189.5042246980092,85.94066507033205,0.01323886526005589,0.9798779402747156,0.9857177165477982,0.009576041245005643
1042.8422152560083,79.2829664948506,189.93561889184514,189.9390939745942,85.8286159834723,0.014112664561500031,0.9798589440786208,0.9857426303284089,0.010040389560221087
1041.7536534446765,79.27194839263586,190.37049613281542,190.37401358495885,85.77345768177419,0.015826558381044162,0.9798611233725683,0.985792756534217,0.011576565087508171
1040.6673618352452,79.3360170149208,190.8054768133656,190.8090358357394,85.82288865677037,0.017672433019992117,0.9799298115991595,0.985918018349246,0.013567994377402049
1039.5833333333333,79.45538081353646,191.24062800819726,191.2442350506182,85.9528669812957,0.01887407668501495,0.9800669980320639,0.986119371651279,0.01519950287496011
1038.5015608740896,79.60192291266944,191.6759999233244,191.6796656443493,86.12749049259192,0.018914903856364837,0.980230154820761,0.986347944062547,0.015886530952284338
1037.4220374220374,79.74769173223255,192.1115985718187,192.11533175993074,86.31769969273607,0.017621964545665746,0.9803576231235286,0.9865343090697847,0.015348810261064662
1036.344755970924,79.85942351080003,192.54738534536574,192.5511875969974,86.4965422327027,0.01518085909463864,0.9804057902124983,0.9866307213306257,0.013601371647116594
1035.2697095435683,79.88569160361307,192.98330431360054,192.98716890612192,86.62680355663943,0.012163622846758565,0.9803750977655237,0.9866400781841481,0.010942279822975805
1034.19689119171,79.75216525315903,193.41932035237528,193.42323612622587,86.63525859655162,0.009619878211885247,0.9803081152440956,0.9866128386397968,0.00798337498858325
1033.1262939958592,79.46871535878876,193.85544363853964,193.8594015046966,86.39106954718987,0.008889712145734604,0.9802604622877857,0.9866133431733313,0.005833428493375419
1032.05791106515,79.2504486747807,194.29172425032002,194.29572227976897,85.97794384902166,0.01013237815038592,0.9802630905821053,0.9866769463377524,0.005814924099821155
1030.9917355371902,79.18589060587072,194.7282197337039,194.73226372357433,85.77680566344982,0.01204390075971096,0.980300519396454,0.9867857727110703,0.007322682944267614
1029.9277605779153,79.20580114336578,195.16495631199737,195.1690556018884,85.75861078732584,0.013645834297358838,0.9803198441590768,0.986879401804104,0.008885336156587546
1028.8659793814431,79.24954399480994,195.60190934102351,195.60607062127838,85.79896062690517,0.01467023116803101,0.9802656455876675,0.9868944828572694,0.009959073286541682
1027.8063851699278,79.28749302011265,196.03901697202232,196.04324001195522,85.83895986958944,0.015281353840255871,0.9801186054167869,0.9868080706439217,0.01060548072434281
1026.7489711934156,79.31514847973739,196.47621960395972,196.4804974839633,85.86350111021002,0.01580439964316132,0.9799121221451339,0.9866559916212423,0.011142276726545003
1025.693730729702,79.34647007445517,196.91350029348894,196.91782375063303,85.88900525661278,0.01644864741190109,0.9797146819209355,0.9865130026678752,0.011849478473185264
1024.6406570841891,79.39892959254185,197.35089968104185,197.35526257129578,85.9427408694343,0.01712784068317374,0.9795878903412961,0.9864462765367578,0.012725144562769379
1023.5897435897435,79.478742319371,197.7884946982393,197.79289703917814,86.0380347678689,0.0175103564688892,0.9795462476404361,0.9864713627714541,0.013476636962177664
1022.5409836065573,79.57784227347506,198.2263532690328,198.23080009325508,86.16938194298535,0.017221267356091866,0.979544303724027,0.9865386897979659,0.013712840822683148
1021.4943705220059,79.6768778857046,198.6644927281609,198.66898978591556,86.32037068457714,0.01603063615524917,0.9795001280130481,0.9865598276532349,0.01312980698090792
1020.4498977505112,79.74388362936764,199.10286790350963,199.107417256609,86.46690156823588,0.013979943568639687,0.9793414554554638,0.9864579284008731,0.011611912663781112
1019.4075587334014,79.72514370825931,199.5413965605411,199.54599503545126,86.56770183069021,0.011504042675114075,0.9790464131872699,0.9862113753785003,0.009289168365404638
1018.3673469387757,79.5519210412219,199.98000646695863,199.98464787896097,86.52748053633353,0.009610239693632406,0.9786539242097082,0.9858638471361171,0.006653432973199396
1017.3292558613659,79.2722729164944,200.41867489187416,200.42335435496906,86.16330503105257,0.009621743919770201,0.9782382067785834,0.9854955813254629,0.0049824330213837755
1016.2932790224031,79.10168535303832,200.85743684638015,200.86215414158846,85.70965509027053,0.011553074556308772,0.9778645378668173,0.9851753092382246,0.005886019163735556
1015.259409969481,79.09130230015846,201.29635891352578,201.30111865687556,85.60089151235611,0.014046899054375067,0.977554425195955,0.9849235740985399,0.008207772395463404
1014.2276422764227,79.17224831458385,201.73549724457294,201.74030584258065,85.68598766810956,0.015978988121197992,0.9772808384526326,0.9847091852682432,0.010298336039000355
1013.1979695431472,79.28791407404033,202.17486721278198,202.17972874687368,85.84021564085079,0.016755314879903192,0.9769939276503055,0.9844782389317084,0.011442304843814161
1012.1703853955376,79.39736321512882,202.61444311450427,202.6193569312573,86.0079785972632,0.016186447547987357,0.9766580860964608,0.9841942189527341,0.011354840610317768
1011.144883485309,79.45668246508356,203.0541855740334,203.0591470934138,86.14554059379411,0.014484466347425918,0.9762747945850572,0.9838615265858413,0.01003610531177166
1010.1214574898784,79.40485761608191,203.49407580155037,203.49907979706302,86.17741652766364,0.01240452584411173,0.9758764360538493,0.983517220673581,0.00783598287106643
1009.1001011122345,79.20330336168728,203.93413195850374,203.93917589720607,85.93513476875275,0.011407518361114252,0.9754967742979419,0.9831981850360278,0.005848592954667339
1008.080808080808,78.98118352237199,204.37439597553274,204.3794810672282,85.45043046275723,0.012785268038057825,0.975139887091459,0.9829078485178029,0.0062913345444480075
1007.0635721493443,78.90286907454724,204.81489997151152,204.82002925728705,85.25907729939343,0.015944191606460517,0.974770186223075,0.9826066006532549,0.009198232561687662
1006.0483870967743,78.95324208235473,205.25563574528343,205.2608106501964,85.31676445096217,0.019379638553655824,0.9743315999479036,0.9822336729208739,0.012573244966527152
1005.0352467270898,79.06982548985147,205.6965491717487,205.70176701796728,85.46868382992915,0.022007935102565677,0.9737840159228316,0.9817467138979756,0.015310969731124644
1004.0241448692152,79.20906186841185,206.13756490194632,206.1428192061675,85.64945558331318,0.02326191168056005,0.9731330027140617,0.9811529273710041,0.01688934089448681
1003.0150753768845,79.34014469909748,206.57862655704847,206.58390999659716,85.82514303366166,0.023014379315202664,0.9724328494765276,0.9805108708035196,0.017125695784341182
1002.008032128514,79.4353609099749,207.01972731734446,207.02503541078275,85.96748060605601,0.02156989830212498,0.9717604549138412,0.9799013608188412,0.016161825764748988
1001.0030090270814,79.46893556282032,207.46091231473534,207.46624540707293,86.04487299645226,0.019658873201169717,0.9711764567566992,0.9793859643550971,0.014496536955065517
1000.0,79.4339109929594,207.90225268000495,207.9076150187966,86.03167277447619,0.01828059332839688,0.9706974037267867,0.9789786472689295,0.01297219298875991
